{
    "loss": 0.4317026436328888,
    "accuracy": 0.9136690497398376
}