{
    "loss": 5.680756092071533,
    "accuracy": 0.5467625856399536
}