{
    "loss": 0.6703732013702393,
    "accuracy": 0.9568345546722412
}